<?xml version="1.0" encoding="UTF-8"?>
<rss version="2.0" xmlns:ror="http://rorweb.com/0.1/" >
<channel>
  <title>ROR Sitemap for https://shillongteeresult.in/</title>
  <link>https://shillongteeresult.in/</link>

<item>
     <link>https://shillongteeresult.in/</link>
     <title>(22/02/2025) - Shillong Teer Result Today | Live Updates &amp;amp; Common Numbers | Shillong Teer Result Day</title>
     <description>Get the latest Shillong Teer results for today, live updates, and common numbers. Stay ahead with accurate Teer game predictions, previous results, and expert analysis.</description>
     <ror:updatePeriod></ror:updatePeriod>
     <ror:sortOrder>0</ror:sortOrder>
     <ror:resourceOf>sitemap</ror:resourceOf>
</item>
<item>
     <link>https://shillongteeresult.in/index.php</link>
     <title>(22/02/2025) - Shillong Teer Result Today | Live Updates &amp;amp; Common Numbers | Shillong Teer Result Day</title>
     <description>Get the latest Shillong Teer results for today, live updates, and common numbers. Stay ahead with accurate Teer game predictions, previous results, and expert analysis.</description>
     <ror:updatePeriod></ror:updatePeriod>
     <ror:sortOrder>1</ror:sortOrder>
     <ror:resourceOf>sitemap</ror:resourceOf>
</item>
<item>
     <link>https://shillongteeresult.in/common-num.php</link>
     <title>(22/02/2025) - Shillong Teer Result Today | Live Updates &amp;amp; Common Numbers | Shillong Teer Result Day</title>
     <description>Get the latest Shillong Teer results for today, live updates, and common numbers. Stay ahead with accurate Teer game predictions, previous results, and expert analysis.</description>
     <ror:updatePeriod></ror:updatePeriod>
     <ror:sortOrder>1</ror:sortOrder>
     <ror:resourceOf>sitemap</ror:resourceOf>
</item>
<item>
     <link>https://shillongteeresult.in/dream-num.php</link>
     <title>(22/02/2025) - Shillong Teer Result Today | Live Updates &amp;amp; Common Numbers | Shillong Teer Result Day</title>
     <description>Get the latest Shillong Teer results for today, live updates, and common numbers. Stay ahead with accurate Teer game predictions, previous results, and expert analysis.</description>
     <ror:updatePeriod></ror:updatePeriod>
     <ror:sortOrder>1</ror:sortOrder>
     <ror:resourceOf>sitemap</ror:resourceOf>
</item>
<item>
     <link>https://shillongteeresult.in/prev-result.php</link>
     <title>(22/02/2025) - Shillong Teer Result Today | Live Updates &amp;amp; Common Numbers | Shillong Teer Result Day</title>
     <description>Get the latest Shillong Teer results for today, live updates, and common numbers. Stay ahead with accurate Teer game predictions, previous results, and expert analysis.</description>
     <ror:updatePeriod></ror:updatePeriod>
     <ror:sortOrder>1</ror:sortOrder>
     <ror:resourceOf>sitemap</ror:resourceOf>
</item>
</channel>
</rss>
  